id,word,normalized_word,part_of_speech,countability,zh_definition,en_definition,examples_json,suggested_chinese,translation_sense,source_languages,match_score,direct_score,matching_gloss_score,score_margin,source_line,source,license
8333,dark,dark,adjective,,黑暗,Having an absolute or (more often) relative lack of light.,"[{""english"": ""All cats are grey in the dark."", ""chinese"": ""猫在黑暗中都是灰色的。""}]",黑暗；黲,having an absolute or relative lack of light,Chinese Mandarin,1.0467,0.9667,1.0000,1.0467,8738,Kaikki English / English Wiktionary,CC BY-SA 4.0 / GFDL
68029,island,island,noun,C,島；島嶼,an area of land completely surrounded by water,"[{""english"": ""They live on a small island."", ""chinese"": ""他們住在一個小島上。""}]",島；島嶼；海島,area of land completely surrounded by water,Chinese | Chinese Mandarin,0.9899,0.9899,0.4784,0.9899,3719,Kaikki English / English Wiktionary,CC BY-SA 4.0 / GFDL
13597,godlike,godlike,adjective,,似神,Having the characteristics of a god.,[],似神,having characteristics of a god,Chinese,0.8868,0.8068,1.0000,0.8868,22612,Kaikki English / English Wiktionary,CC BY-SA 4.0 / GFDL
18601,luang namtha,luang namtha,proper noun,,瑯南塔,A province in northern Laos.,[],瑯南塔,province of Laos,Chinese Mandarin,0.7560,0.6760,1.0000,0.3625,1286649,Kaikki English / English Wiktionary,CC BY-SA 4.0 / GFDL
3187,belfry,belfry,noun,C,鐘樓,"(architecture) A tower or steeple typically containing bells, especially as part of a church.",[],鐘樓,"tower or steeple specifically for containing bells, especially as part of a church",Chinese Mandarin,0.7541,0.6741,0.8889,0.7541,111056,Kaikki English / English Wiktionary,CC BY-SA 4.0 / GFDL
28308,skin,skin,noun,C or U,皮膚,"The outer protective layer of the body of any animal, including of a human.","[{""english"": ""This medicine will cure you of your skin disease."", ""chinese"": ""這藥可以治療你的皮膚病。""}]",皮；皮子；皮膚,outer protective layer of the body of a person or animal,Chinese | Chinese Mandarin,0.7186,0.6386,1.0000,0.7186,14068,Kaikki English / English Wiktionary,CC BY-SA 4.0 / GFDL
30561,syvaske,syvaske,proper noun,,錫瓦斯凱,"A rural settlement in Novotroitske settlement hromada, Henichesk Raion, Kherson Oblast, Ukraine, founded in 1816.",[],錫瓦什斯科耶；錫瓦斯凱,"rural settlement in Novotroitske, Henichesk, Kherson, Ukraine",Chinese Mandarin,0.7161,0.6361,1.0000,0.7161,1429651,Kaikki English / English Wiktionary,CC BY-SA 4.0 / GFDL
31307,this,this,determiner,,这,The known (thing) (used in indicating something or someone just mentioned).,"[{""english"": ""This is never going to end."", ""chinese"": ""这将永远继续下去。""}]",這,known (thing) just mentioned,Chinese Mandarin,0.7092,0.6292,1.0000,0.3435,3380,Kaikki English / English Wiktionary,CC BY-SA 4.0 / GFDL
4669,bury,bury,verb,T,下葬,To ritualistically inter in a grave or tomb.,[],下葬；埋；埋葬,to inter a corpse in a grave or tomb,Chinese Mandarin,0.7051,0.6251,1.0000,0.7051,16750,Kaikki English / English Wiktionary,CC BY-SA 4.0 / GFDL
34464,yakovenkove,yakovenkove,proper noun,,亞科文科韋,"A village in Balakliia urban hromada, Izium Raion, Kharkiv Oblast, Ukraine.",[],亞科文科韋,"village in Balakliia, Izium, Kharkiv, Ukraine",Chinese Mandarin,0.6919,0.6119,1.0000,0.6919,1395501,Kaikki English / English Wiktionary,CC BY-SA 4.0 / GFDL
3654,blahodativka,blahodativka,proper noun,,布拉霍達蒂夫卡,"A village in Kalynivske settlement hromada, Beryslav Raion, Kherson Oblast, Ukraine.",[],布拉霍達蒂夫卡,"village in Kalynivske, Beryslav, Kherson, Ukraine",Chinese Mandarin,0.6879,0.6079,1.0000,0.6879,1423373,Kaikki English / English Wiktionary,CC BY-SA 4.0 / GFDL
17843,leg,leg,noun,C,腿,"In humans, the lower limb extending from the groin to the ankle.","[{""english"": ""Roger slipped on the ice and hurt his leg."", ""chinese"": ""罗杰在冰上滑倒了，弄伤了腿。""}]",腳；腿；跤；跤腿,lower limb from groin to ankle,Chinese | Chinese Mandarin,0.6757,0.5957,1.0000,0.6757,5529,Kaikki English / English Wiktionary,CC BY-SA 4.0 / GFDL
66736,stop,stop,verb,T,停,(transitive) To cause (something) to cease moving or progressing.,"[{""english"": ""I wish it would stop raining."", ""chinese"": ""我希望雨會停。""}]",停下,to cause to cease moving,Chinese Mandarin,0.6714,0.5914,0.8297,0.6714,9365,Kaikki English / English Wiktionary,CC BY-SA 4.0 / GFDL
15327,hryhorivka,hryhorivka,proper noun,,赫里霍里夫卡,"A village in Velykyi Burluk settlement hromada, Kupiansk Raion, Kharkiv Oblast, Ukraine, founded in 1751.",[],赫里霍里夫卡,"village in Velykyi Burluk, Kupiansk, Kharkiv, Ukraine",Chinese Mandarin,0.6687,0.5887,1.0000,0.2880,1423860,Kaikki English / English Wiktionary,CC BY-SA 4.0 / GFDL
21303,novochervone,novochervone,proper noun,,新切爾沃內,"A village in Nyzhnia Duvanka settlement hromada, Svatove Raion, Luhansk Oblast, Ukraine, founded in 1690.",[],新切爾沃內,"village in Nyzhnia Duvanka, Svatove, Luhansk, Ukraine",Chinese Mandarin,0.6687,0.5887,1.0000,0.6687,1395162,Kaikki English / English Wiktionary,CC BY-SA 4.0 / GFDL
6684,comb,comb,noun,C,梳子,A toothed implement for grooming the hair or (formerly) for keeping it in place.,"[{""english"": ""She put the comb in the drawer."", ""chinese"": ""她把梳子放在抽屉里面。""}]",捋仔；木梳；柴梳；梳子；篦；頭梳,toothed implement for grooming the hair,Chinese | Chinese Mandarin,0.6684,0.6684,0.2743,0.6684,8207,Kaikki English / English Wiktionary,CC BY-SA 4.0 / GFDL
19541,meng,meng,proper noun,,孟,A Chinese surname from Mandarin.,[],孟,"Chinese surname ""孟""",Chinese,0.6623,0.6623,0.3683,0.6623,827432,Kaikki English / English Wiktionary,CC BY-SA 4.0 / GFDL
67103,west,west,adjective,,西方的；西部的,in or from the west,"[{""english"": ""They live on the west coast."", ""chinese"": ""他們住在西部海岸。""}]",西,towards the west,Chinese Mandarin,0.6552,0.6552,0.7067,0.6552,3861,Kaikki English / English Wiktionary,CC BY-SA 4.0 / GFDL
66755,read,read,verb,I or T,閱讀；讀,"(transitive, or, intransitive) To look at and interpret letters or other information that is written.","[{""english"": ""You may have read this book already."", ""chinese"": ""你可能已經看過這本書。""}]",看；讀,to look at and interpret letters or other information,Chinese | Chinese Mandarin,0.6509,0.6509,0.7759,0.6509,5377,Kaikki English / English Wiktionary,CC BY-SA 4.0 / GFDL
15329,hryhorivka,hryhorivka,proper noun,,赫里霍里夫卡,"A village in Novomarivka rural hromada, Voznesensk Raion, Mykolaiv Oblast, Ukraine, founded in 1935.",[],赫里霍里夫卡,"village in Novomarivka, Voznesensk, Mykolaiv, Ukraine",Chinese Mandarin,0.6443,0.5643,1.0000,0.3197,1423860,Kaikki English / English Wiktionary,CC BY-SA 4.0 / GFDL
15333,hryhorivka,hryhorivka,proper noun,,赫里霍里夫卡,"A village in Bakhmach urban hromada, Nizhyn Raion, Chernihiv Oblast, Ukraine, founded 1650–1700.",[],赫里霍里夫卡,"village in Bakhmach, Nizhyn, Chernihiv, Ukraine",Chinese Mandarin,0.6412,0.5612,1.0000,0.3354,1423861,Kaikki English / English Wiktionary,CC BY-SA 4.0 / GFDL
34629,zaozerne,zaozerne,proper noun,,扎奧澤爾內,"A village in Tavrychanka rural hromada, Kakhovka Raion, Kherson Oblast, Ukraine, founded in 1902.",[],扎奧澤爾內,"village in Tavrychanka, Kakhovka, Kherson, Ukraine",Chinese Mandarin,0.6404,0.5604,1.0000,0.3245,1428887,Kaikki English / English Wiktionary,CC BY-SA 4.0 / GFDL
30163,sukha balka,sukha balka,proper noun,,蘇哈巴爾卡,"A village in Mostove rural hromada, Voznesensk Raion, Mykolaiv Oblast, Ukraine, founded in 1919.",[],蘇哈巴爾卡,"village in Mostove, Voznesensk, Mykolaiv, Ukraine",Chinese Mandarin,0.6391,0.5591,1.0000,0.6391,1389610,Kaikki English / English Wiktionary,CC BY-SA 4.0 / GFDL
18727,lysivka,lysivka,proper noun,,利西夫卡,"A village in Liutenka rural hromada, Myrhorod Raion, Poltava Oblast, Ukraine, founded in 1670.",[],利西夫卡,"village in Liutenka, Myrhorod, Poltava, Ukraine",Chinese Mandarin,0.6362,0.5562,1.0000,0.3120,1389712,Kaikki English / English Wiktionary,CC BY-SA 4.0 / GFDL
4214,bread,bread,noun,C or U,面包,A foodstuff made by baking dough made from cereals.,[],麭；麵包,baked dough made from cereals,Chinese | Chinese Mandarin,0.6351,0.5551,1.0000,0.6351,7400,Kaikki English / English Wiktionary,CC BY-SA 4.0 / GFDL
23003,perekip,perekip,proper noun,,佩雷基普,"A village in Valky urban hromada, Bohodukhiv Raion, Kharkiv Oblast, Ukraine, founded in 1643.",[],佩雷基普,"village in Valky, Bohodukhiv, Kharkiv, Ukraine",Chinese Mandarin,0.6348,0.5548,1.0000,0.6348,1418938,Kaikki English / English Wiktionary,CC BY-SA 4.0 / GFDL
18730,lysivtsi,lysivtsi,proper noun,,利西夫齊,"A village in Tovste settlement hromada, Chortkiv Raion, Ternopil Oblast, Ukraine, founded in 1418.",[],利西夫齊,"village in Tovste, Chortkiv, Ternopil, Ukraine",Chinese Mandarin,0.6269,0.5469,1.0000,0.6269,1389813,Kaikki English / English Wiktionary,CC BY-SA 4.0 / GFDL
34627,zaozerne,zaozerne,proper noun,,扎奧焦爾諾耶,"A rural settlement, the administrative centre of Zaozerne selrada, Eupatoria Raion, the Crimea, Ukraine, founded in 1861.",[],扎奧澤爾內；扎奧焦爾諾耶,"rural settlement in Zaozerne, Eupatoria, Crimea, Ukraine",Chinese Mandarin,0.6251,0.5451,1.0000,0.4326,1428887,Kaikki English / English Wiktionary,CC BY-SA 4.0 / GFDL
33119,verben,verben,proper noun,,韋爾邊,"A village in Demydivka settlement hromada, Dubno Raion, Rivne Oblast, Ukraine, founded in 1563.",[],韋爾邊,"village in Demydivka, Dubno, Rivne, Ukraine",Chinese Mandarin,0.6220,0.5420,1.0000,0.6220,576257,Kaikki English / English Wiktionary,CC BY-SA 4.0 / GFDL
16161,inherit,inherit,verb,T,继承,"(transitive) To receive (property, a title, etc.), by legal succession or bequest after the previous owner's death.","[{""english"": ""Koniecpolski inherited some seven or eight villages from his father."", ""chinese"": ""科涅茨波尔斯基从他父亲那里继承约七八个村庄。""}]",繼承；继承,to receive property or a title by legal succession etc.,Chinese,0.6175,0.5375,0.9252,0.6175,19881,Kaikki English / English Wiktionary,CC BY-SA 4.0 / GFDL
66720,ball,ball,noun,C or U,球,"A solid or hollow sphere, or roughly spherical mass.","[{""english"": ""Throw the ball back to me."", ""chinese"": ""把球丟還給我。""}]",球,solid or hollow sphere,Chinese Mandarin,0.6133,0.5333,1.0000,0.3606,8270,Kaikki English / English Wiktionary,CC BY-SA 4.0 / GFDL
31306,this,this,determiner,,這,The (thing) here (used in indicating something or someone nearby).,[],此；這,the (thing) here,Chinese Mandarin,0.6120,0.5320,1.0000,0.3342,3380,Kaikki English / English Wiktionary,CC BY-SA 4.0 / GFDL
66554,new,new,adjective,,新的；新近的,"recently made, created, discovered, or obtained","[{""english"": ""She bought a new computer yesterday."", ""chinese"": ""她昨天買了一部新電腦。""}]",新,recently made or created,Chinese | Chinese Mandarin,0.6053,0.6053,0.6053,0.6053,2066,Kaikki English / English Wiktionary,CC BY-SA 4.0 / GFDL
18222,lisivka,lisivka,proper noun,,利西夫卡,"A village in Andrushivka urban hromada, Berdychiv Raion, Zhytomyr Oblast, Ukraine, founded before 1906.",[],利西夫卡,"village in Andrushivka, Berdychiv, Zhytomyr, Ukraine",Chinese Mandarin,0.6052,0.5252,1.0000,0.6052,1389609,Kaikki English / English Wiktionary,CC BY-SA 4.0 / GFDL
66690,old,old,adjective,,老,"Of a living being, having lived for most of the expected years.","[{""english"": ""I am too old for this world."", ""chinese"": ""我對這個世界来說太老了。""}]",年老的；老；老年的,of a living being: having lived for relatively many years,Chinese Mandarin,0.6043,0.6043,0.4370,0.3752,8913,Kaikki English / English Wiktionary,CC BY-SA 4.0 / GFDL
2731,ban,ban,noun,C,禁止,A prohibition.,"[{""english"": ""Germany is to ban employers from snooping on Facebook."", ""chinese"": ""德国将禁止雇主在脸书上偷窥。""}]",禁止,prohibition — see also prohibition,Chinese Mandarin,0.6033,0.5233,1.0000,0.6033,4986,Kaikki English / English Wiktionary,CC BY-SA 4.0 / GFDL
17161,khudykivtsi,khudykivtsi,proper noun,,胡季基夫齊,"A village in Melnytsia-Podilska settlement hromada, Chortkiv Raion, Ternopil Oblast, Ukraine, first mentioned in 1410.",[],胡季基夫齊,"village in Melnytsia-Podilska, Chortkiv, Ternopil, Ukraine",Chinese Mandarin,0.6006,0.5206,1.0000,0.6006,1386277,Kaikki English / English Wiktionary,CC BY-SA 4.0 / GFDL
15323,hryhoriv,hryhoriv,proper noun,,格里戈里夫,"A village in Monastyryska urban hromada, Chortkiv Raion, Ternopil Oblast, Ukraine, first mentioned in 1454.",[],格里戈里夫,"village in Monastyryska, Chortkiv, Ternopil, Ukraine",Chinese Mandarin,0.5996,0.5196,1.0000,0.2725,1425083,Kaikki English / English Wiktionary,CC BY-SA 4.0 / GFDL
15332,hryhorivka,hryhorivka,proper noun,,赫里霍里夫卡,"A village in Polohy urban hromada, Polohy Raion, Zaporizhzhia Oblast, Ukraine, founded in 1789.",[],赫里霍里夫卡,"village in Polohy, Polohy, Zaporizhzhia, Ukraine",Chinese Mandarin,0.5988,0.5188,1.0000,0.2215,1423860,Kaikki English / English Wiktionary,CC BY-SA 4.0 / GFDL
4757,buzen,buzen,proper noun,,豐前,"A city in Fukuoka Prefecture, Japan.",[],豐前,city in Japan,Chinese,0.5960,0.5160,1.0000,0.5960,1355574,Kaikki English / English Wiktionary,CC BY-SA 4.0 / GFDL
19836,mimasaka,mimasaka,proper noun,,美作,"A city in Okayama Prefecture, Japan.",[],美作,city in Japan,Chinese,0.5960,0.5160,1.0000,0.5960,1354325,Kaikki English / English Wiktionary,CC BY-SA 4.0 / GFDL
29630,stepnohirsk,stepnohirsk,proper noun,,斯泰普諾希爾斯克,"A rural settlement, the administrative centre of Stepnohirsk settlement hromada, Vasylivka Raion, Zaporizhzhia Oblast, Ukraine, founded in 1921.",[],斯泰普諾希爾斯克,"rural settlement in Stepnohirsk, Vasylivka, Zaporizhzhia, Ukraine",Chinese Mandarin,0.5938,0.5138,1.0000,0.5938,1416831,Kaikki English / English Wiktionary,CC BY-SA 4.0 / GFDL
17012,kaga,kaga,proper noun,,加賀,"A city in Ishikawa Prefecture, Japan.",[],加賀,city in Japan,Chinese,0.5925,0.5125,1.0000,0.5925,1344798,Kaikki English / English Wiktionary,CC BY-SA 4.0 / GFDL
21307,novyi vytkiv,novyi vytkiv,proper noun,,新維特基夫,"A village in Radekhiv urban hromada, Sheptytskyi Raion, Lviv Oblast, Ukraine, first mentioned in 1469.",[],新維特基夫,"village in Radekhiv, Sheptytskyi, Lviv, Ukraine",Chinese Mandarin,0.5923,0.5123,1.0000,0.5923,1389277,Kaikki English / English Wiktionary,CC BY-SA 4.0 / GFDL
66812,week,week,noun,C,週,A period of seven days beginning with Sunday or Monday.,"[{""english"": ""I'm going to Europe next week."", ""chinese"": ""我下週要去歐洲。""}]",星期；禮拜；週,period of seven days,Chinese | Chinese Mandarin,0.5922,0.5122,1.0000,0.5922,651,Kaikki English / English Wiktionary,CC BY-SA 4.0 / GFDL
15348,hryhorivka,hryhorivka,proper noun,,赫里霍里夫卡,"A village in Novooleksandrivka rural hromada, Zaporizhzhia Raion, Zaporizhzhia Oblast, Ukraine, founded in 1773.",[],赫里霍里夫卡,"village in Novooleksandrivka, Zaporizhzhia, Zaporizhzhia, Ukraine",Chinese Mandarin,0.5850,0.5050,1.0000,0.2240,1423863,Kaikki English / English Wiktionary,CC BY-SA 4.0 / GFDL
16829,jilin,jilin,proper noun,,吉林,"A prefecture-level city of Jilin, China.",[],吉林,city in China,Chinese,0.5829,0.5029,1.0000,0.5829,86110,Kaikki English / English Wiktionary,CC BY-SA 4.0 / GFDL
15326,hryhorivka,hryhorivka,proper noun,,赫里霍里夫卡,"A village in Barvinkove urban hromada, Izium Raion, Kharkiv Oblast, Ukraine, founded by Mennonites in 1889.",[],赫里霍里夫卡,"village in Barvinkove, Izium, Kharkiv, Ukraine",Chinese Mandarin,0.5825,0.5025,1.0000,0.2137,1423860,Kaikki English / English Wiktionary,CC BY-SA 4.0 / GFDL
16639,ivankiv,ivankiv,proper noun,,伊萬基夫,"A rural settlement, the administrative centre of Ivankiv settlement hromada, Vyshhorod Raion, Kyiv Oblast, Ukraine, founded in 1589.",[],伊萬基夫,"rural settlement in Ivankiv, Vyshhorod, Kyiv, Ukraine",Chinese Mandarin,0.5785,0.4985,1.0000,0.3237,1399791,Kaikki English / English Wiktionary,CC BY-SA 4.0 / GFDL
16642,ivankiv,ivankiv,proper noun,,伊萬基夫,"A village in Oliivka rural hromada, Zhytomyr Raion, Zhytomyr Oblast, Ukraine, founded in 1633.",[],伊萬基夫,"village in Oliivka, Zhytomyr, Zhytomyr, Ukraine",Chinese Mandarin,0.5739,0.4939,1.0000,0.0976,1399791,Kaikki English / English Wiktionary,CC BY-SA 4.0 / GFDL
20555,mykolaivske,mykolaivske,proper noun,,米科拉伊夫斯凱,"A village in Shevchenkove rural hromada, Mykolaiv Raion, Mykolaiv Oblast, Ukraine, founded in 1957.",[],米科拉伊夫斯凱,"village in Shevchenkove, Mykolaiv, Mykolaiv, Ukraine",Chinese Mandarin,0.5737,0.4937,1.0000,0.5737,1425774,Kaikki English / English Wiktionary,CC BY-SA 4.0 / GFDL
20611,nanaimo,nanaimo,proper noun,,納奈莫,"A city on the east coast of Vancouver Island in British Columbia, Canada.",[],納奈莫,"city in British Columbia, Canada",Chinese,0.5735,0.4935,1.0000,0.5735,1081027,Kaikki English / English Wiktionary,CC BY-SA 4.0 / GFDL
66704,work,work,verb,I,工作,(intransitive) To do a specific task by employing physical or mental powers.,"[{""english"": ""I work even on Sunday."", ""chinese"": ""我甚至在週日工作。""}]",作穡；做工；工作；幹活兒,intransitive: to do a specific task,Chinese | Chinese Mandarin,0.5707,0.4907,0.8707,0.5707,1896,Kaikki English / English Wiktionary,CC BY-SA 4.0 / GFDL
1861,armed,armed,adjective,,武裝的,"(sometimes, in combination) Equipped, especially with a weapon.",[],武裝的,"equipped, especially with a weapon",Chinese Mandarin,0.5676,0.5676,0.5676,0.5676,30525,Kaikki English / English Wiktionary,CC BY-SA 4.0 / GFDL
21304,novoekonomichne,novoekonomichne,proper noun,,新埃科諾米奇內,"A rural settlement, the administrative centre of Novoekonomichne starostynskyi okruh, Hrodivka settlement hromada, Pokrovsk Raion, Donetsk Oblast, Ukraine, founded in 1768.",[],新埃科諾米奇內,"rural settlement in Novoekonomichne, Hrodivka, Pokrovsk, Donetsk, Ukraine",Chinese Mandarin,0.5670,0.4870,1.0000,0.5670,1419148,Kaikki English / English Wiktionary,CC BY-SA 4.0 / GFDL
33891,where,where,adverb,,哪儿,"In, at or to the place (that) or a place (that).","[{""english"": ""Where are you?"", ""chinese"": ""你在哪儿?""}]",佗位；哪兒；哪裡；那兒；那裡,at or in which place,Chinese | Chinese Mandarin,0.5655,0.4855,1.0000,0.5655,7194,Kaikki English / English Wiktionary,CC BY-SA 4.0 / GFDL
18729,lysivka,lysivka,proper noun,,利西夫卡,"A village in Kornyn settlement hromada, Zhytomyr Raion, Zhytomyr Oblast, Ukraine, founded in 1810.",[],利西夫卡,"village in Kornyn, Zhytomyr, Zhytomyr, Ukraine",Chinese Mandarin,0.5652,0.4852,1.0000,0.2321,1389712,Kaikki English / English Wiktionary,CC BY-SA 4.0 / GFDL
15328,hryhorivka,hryhorivka,proper noun,,赫里霍里夫卡,"A village, the administrative centre of Prysyvashshia rural hromada, Kakhovka Raion, Kherson Oblast, Ukraine.",[],赫里霍里夫卡,"village in Prysyvashshia, Kakhovka, Kherson, Ukraine",Chinese Mandarin,0.5638,0.4838,1.0000,0.2598,1423860,Kaikki English / English Wiktionary,CC BY-SA 4.0 / GFDL
33873,wheel,wheel,noun,C,轮子,"A circular device capable of rotating on its axis, facilitating movement or transportation or performing labour in machines.","[{""english"": ""Bad wheels will squeal a lot."", ""chinese"": ""坏的轮子会嘎嘎响很久。""}]",軲轆；輪；輪子；轔,a circular device facilitating movement or transportation,Chinese | Chinese Mandarin,0.5627,0.4827,1.0000,0.3723,15679,Kaikki English / English Wiktionary,CC BY-SA 4.0 / GFDL
27314,see,see,verb,T,见,"(transitive) To perceive or detect someone or something with the eyes, or as if by sight.","[{""english"": ""I'm glad to see you back."", ""chinese"": ""很高兴再见到您。""}]",看見；見,perceive with the eyes,Chinese Mandarin,0.5534,0.4734,0.8626,0.5534,3021,Kaikki English / English Wiktionary,CC BY-SA 4.0 / GFDL
16637,ivankiv,ivankiv,proper noun,,伊萬基夫,"A village in Boryspil urban hromada, Boryspil Raion, Kyiv Oblast, Ukraine, first mentioned in 1508.",[],伊萬基夫,"village in Boryspil, Boryspil, Kyiv, Ukraine",Chinese Mandarin,0.5492,0.4692,1.0000,0.2256,1399791,Kaikki English / English Wiktionary,CC BY-SA 4.0 / GFDL
17698,law,law,noun,C or U,法律,"(usually with ""the"") The body of binding rules and regulations, customs, and standards established in a community by its legislative and judicial authorities.",[],法律,body of rules established in a community by its authorities,Chinese | Chinese Mandarin,0.5486,0.4686,0.9821,0.5486,6067,Kaikki English / English Wiktionary,CC BY-SA 4.0 / GFDL
66927,love,love,noun,U,愛；愛情,a strong feeling of deep affection,"[{""english"": ""Their love grew stronger."", ""chinese"": ""他們的愛變得更深。""}]",情愛；愛；愛情,strong affection,Chinese | Chinese Mandarin,0.5420,0.5420,0.5420,0.5420,2113,Kaikki English / English Wiktionary,CC BY-SA 4.0 / GFDL
20297,mother,mother,noun,C,母親,"A female parent, especially of a human; a female who parents a child (which she has given birth to, adopted, or fostered).","[{""english"": ""You should take care of your sick mother."", ""chinese"": ""你應該照顧你生病的母親。""}]",娘；娘親；媽；媽媽；母；母親；阿姆,"female (human) who parents a child, gives birth to a baby, or is pregnant",Chinese | Chinese Mandarin,0.5393,0.4593,0.9313,0.2890,3934,Kaikki English / English Wiktionary,CC BY-SA 4.0 / GFDL
15334,hryhorivka,hryhorivka,proper noun,,赫里霍里夫卡,"A village in Starokostiantyniv urban hromada, Khmelnytskyi Raion, Khmelnytskyi Oblast, Ukraine, first mentioned in 1647.",[],赫里霍里夫卡,"village in Starokostiantyniv, Khmelnytskyi, Khmelnytskyi, Ukraine",Chinese Mandarin,0.5379,0.4579,1.0000,0.2255,1423861,Kaikki English / English Wiktionary,CC BY-SA 4.0 / GFDL
26612,ryzhivka,ryzhivka,proper noun,,雷日夫卡,"A village in Bilopillia urban hromada, Sumy Raion, Sumy Oblast, Ukraine, first mentioned in 1719.",[],雷日夫卡,"village in Bilopillia, Sumy, Sumy, Ukraine",Chinese Mandarin,0.5362,0.4562,1.0000,0.5362,1396362,Kaikki English / English Wiktionary,CC BY-SA 4.0 / GFDL
17982,leyte,leyte,proper noun,,禮智,"An island of Eastern Visayas, Visayas, Philippines",[],禮智,island in the Philippines,Chinese,0.5326,0.4526,1.0000,0.5326,881249,Kaikki English / English Wiktionary,CC BY-SA 4.0 / GFDL
15322,hryhoriv,hryhoriv,proper noun,,格里戈里夫,"A village in Rohatyn urban hromada, Ivano-Frankivsk Raion, Ivano-Frankivsk Oblast, Ukraine, first mentioned in 1447.",[],格里戈里夫,"village in Rohatyn, Ivano-Frankivsk, Ivano-Frankivsk, Ukraine",Chinese Mandarin,0.5320,0.4520,1.0000,0.2010,1425083,Kaikki English / English Wiktionary,CC BY-SA 4.0 / GFDL
15324,hryhorivka,hryhorivka,proper noun,,赫里霍里夫卡,"A village in Bobrytsia rural hromada, Cherkasy Raion, Cherkasy Oblast, Ukraine, first mentioned in 1552.",[],赫里霍里夫卡,"village in Bobrytsia, Cherkasy, Cherkasy, Ukraine",Chinese Mandarin,0.5314,0.4514,1.0000,0.1927,1423860,Kaikki English / English Wiktionary,CC BY-SA 4.0 / GFDL
18949,maliutianka,maliutianka,proper noun,,馬柳強卡,"A village, the administrative centre of Maliutianka starostynskyi okruh, Boiarka urban hromada, Fastiv Raion, Kyiv Oblast, Ukraine.",[],馬柳強卡,"village in Maliutianka, Boiarka, Fastiv, Kyiv, Ukraine",Chinese Mandarin,0.5314,0.4514,1.0000,0.5314,1399720,Kaikki English / English Wiktionary,CC BY-SA 4.0 / GFDL
15330,hryhorivka,hryhorivka,proper noun,,赫里霍里夫卡,"A village in Veselynove settlement hromada, Voznesensk Raion, Mykolaiv Oblast, Ukraine, founded a. 1946.",[],赫里霍里夫卡,"village in Novomarivka, Voznesensk, Mykolaiv, Ukraine",Chinese Mandarin,0.5276,0.4476,1.0000,0.1987,1423860,Kaikki English / English Wiktionary,CC BY-SA 4.0 / GFDL
15345,hryhorivka,hryhorivka,proper noun,,赫里霍里夫卡,"A village in Yelanets settlement hromada, Voznesensk Raion, Mykolaiv Oblast, Ukraine, founded in 1802.",[],赫里霍里夫卡,"village in Novomarivka, Voznesensk, Mykolaiv, Ukraine",Chinese Mandarin,0.5205,0.4405,0.8516,0.2009,1423860,Kaikki English / English Wiktionary,CC BY-SA 4.0 / GFDL
66878,morning,morning,noun,C,早上,"The early part of the day, especially from midnight to noon. [from 13th c.]","[{""english"": ""Back in high school, I got up at 6 a.m. every morning."", ""chinese"": ""以前讀高中的時候﹐我每天早上六點起床。""}]",上午；早上；早晨,the part of the day after midnight and before midday — see also AM,Chinese Mandarin,0.5191,0.4391,0.9762,0.0945,1800,Kaikki English / English Wiktionary,CC BY-SA 4.0 / GFDL
30164,sukha balka,sukha balka,proper noun,,蘇哈巴爾卡,"A village in Veselynove settlement hromada, Voznesensk Raion, Mykolaiv Oblast, Ukraine, founded in 1896.",[],蘇哈巴爾卡,"village in Mostove, Voznesensk, Mykolaiv, Ukraine",Chinese Mandarin,0.5188,0.4388,1.0000,0.5188,1389610,Kaikki English / English Wiktionary,CC BY-SA 4.0 / GFDL
34630,zaozerne,zaozerne,proper noun,,扎奧澤爾涅,"A village in Ladyzhyn urban hromada, Haisyn Raion, Vinnytsia Oblast, Ukraine, founded in the early-seventeenth century.",[],扎奧澤爾涅,"village in Ladyzhyn, Haisyn, Vinnytsia, Ukraine",Chinese Mandarin,0.5163,0.4363,1.0000,0.2333,1428887,Kaikki English / English Wiktionary,CC BY-SA 4.0 / GFDL
34671,zhvanets,zhvanets,proper noun,,日瓦內茨,"A village, the administrative centre of Zhvanets rural hromada, Kamianets-Podilskyi Raion, Khmelnytskyi Oblast, Ukraine, first mentioned in 1431.",[],日瓦內茨,"village in Zhvanets, Kamianets-Podilskyi, Khmelnytskyi, Ukraine",Chinese Mandarin,0.5156,0.4356,1.0000,0.5156,1325526,Kaikki English / English Wiktionary,CC BY-SA 4.0 / GFDL
15667,iga,iga,proper noun,,伊賀,"A city in Mie Prefecture, central Japan.",[],伊賀,city in Japan,Chinese,0.5129,0.4329,1.0000,0.5129,815383,Kaikki English / English Wiktionary,CC BY-SA 4.0 / GFDL
4728,butter,butter,noun,U,黃油,"A soft, fatty foodstuff made by churning the cream of milk (generally cow's milk).","[{""english"": ""The store sells foodstuffs, such as butter, cheese, and sugar."", ""chinese"": ""這家店賣黃油、奶酪、砂糖之類的食品。""}]",牛油；白脫；黃油,soft foodstuff made from milk,Chinese | Chinese Mandarin,0.5114,0.4314,1.0000,0.5114,7422,Kaikki English / English Wiktionary,CC BY-SA 4.0 / GFDL
6294,cleanse,cleanse,verb,T,清洗,"(transitive) To free from dirt; to clean, to purify.","[{""english"": ""He cleansed the wound before putting on a bandage."", ""chinese"": ""他先清洗了伤口，再绑上绷带。""}]",清洗,"to clean, purify",Chinese,0.5052,0.4252,0.8202,0.5052,51396,Kaikki English / English Wiktionary,CC BY-SA 4.0 / GFDL
16582,israel,israel,proper noun,,以色列,A en given name.,"[{""english"": ""Operation Yoav was a military operation carried out by Israel in its war for independence."", ""chinese"": ""约阿夫行动是以色列独立战争中的一次作战行动。""}]",以色列,Biblical: name given to Jacob,Chinese | Chinese Mandarin,0.5035,0.5035,0.5409,0.4535,1685,Kaikki English / English Wiktionary,CC BY-SA 4.0 / GFDL
66929,open,open,adjective,,開著的；開放的,not closed or available to use,"[{""english"": ""The door is open."", ""chinese"": ""門是開著的。""}]",開著,not closed,Chinese Mandarin,0.5000,0.5000,0.2881,0.5000,1747,Kaikki English / English Wiktionary,CC BY-SA 4.0 / GFDL
22567,paris,paris,proper noun,,巴黎,The capital and largest city of France.,[],巴黎,capital of France,Chinese | Chinese Mandarin,0.4988,0.4188,1.0000,0.2533,11386,Kaikki English / English Wiktionary,CC BY-SA 4.0 / GFDL
31617,toledo,toledo,proper noun,,托萊多,"A province of Castilla-La Mancha, Spain.",[],托萊多,city and province of Spain,Chinese,0.4915,0.4115,1.0000,0.4915,296472,Kaikki English / English Wiktionary,CC BY-SA 4.0 / GFDL
22834,peace,peace,noun,U,和平,"A state free of war, in particular war between different countries.","[{""english"": ""We are longing for world peace."", ""chinese"": ""我们希望世界和平。""}]",和平,state of being free from war,Chinese | Chinese Mandarin,0.4832,0.4032,1.0000,0.2234,1637,Kaikki English / English Wiktionary,CC BY-SA 4.0 / GFDL
18721,lyptsi,lyptsi,proper noun,,利普齊,"A village, the administrative centre of Lyptsi rural hromada, Kharkiv Raion, Kharkiv Oblast, Ukraine, founded in 1660.",[],利普齊,"village in Lyptsi, Kharkiv, Kharkiv, Ukraine",Chinese Mandarin,0.4795,0.3995,1.0000,0.4795,1325986,Kaikki English / English Wiktionary,CC BY-SA 4.0 / GFDL
16640,ivankiv,ivankiv,proper noun,,伊萬基夫,"A village in Skala-Podilska settlement hromada, Chortkiv Raion, Ternopil Oblast, Ukraine, first mentioned in 1443, but habitation dates from the 1710s.",[],伊萬基夫,"village in Skala-Podilska, Chortkiv, Ternopil, Ukraine",Chinese Mandarin,0.4770,0.3970,1.0000,0.2103,1399791,Kaikki English / English Wiktionary,CC BY-SA 4.0 / GFDL
24578,prostore,prostore,proper noun,,普羅斯托雷,"A village in Bilokurakyne settlement hromada, Svatove Raion, Luhansk Oblast, Ukraine, founded in 1929, occupied by Russian forces since March 2022.",[],普羅斯托雷,"village in Bilokurakyne, Svatove, Luhansk, Ukraine",Chinese Mandarin,0.4718,0.3918,1.0000,0.2064,1395198,Kaikki English / English Wiktionary,CC BY-SA 4.0 / GFDL
32887,usonia,usonia,proper noun,,美國,"The United States of America; a mononymous name for the country that does not convey the ambiguity of ""America"".",[],美國,"words for the country that are distinct from ""America"" or the ""United States of America"" — see also United States of America",Chinese,0.4699,0.3899,1.0000,0.4699,271074,Kaikki English / English Wiktionary,CC BY-SA 4.0 / GFDL
29759,storm,storm,noun,C,風暴,"Any disturbed state of the atmosphere causing destructive or unpleasant weather, especially one affecting the earth's surface involving strong winds (leading to high waves at sea) and usually lightning, thunder, and precipitation.","[{""english"": ""We postponed our departure because of the storm."", ""chinese"": ""我們因為風暴推遲了起程。""}]",風暴,disturbed state of the atmosphere causing destructive or unpleasant weather,Chinese | Chinese Mandarin,0.4638,0.3838,1.0000,0.4638,2432,Kaikki English / English Wiktionary,CC BY-SA 4.0 / GFDL
18191,lion,lion,noun,C,狮,"A big cat, Panthera leo, native to Africa, India and formerly much of Europe.","[{""english"": ""The lion is the king of beasts."", ""chinese"": ""狮子是万兽之王。""}]",獅；獅仔；獅子,big cat Panthera leo,Chinese | Chinese Mandarin,0.4636,0.3836,1.0000,0.4636,15844,Kaikki English / English Wiktionary,CC BY-SA 4.0 / GFDL
17983,leyte,leyte,proper noun,,禮智,"A municipality of the province of Leyte, Philippines.",[],禮智,island in the Philippines,Chinese,0.4633,0.3833,1.0000,0.4633,881249,Kaikki English / English Wiktionary,CC BY-SA 4.0 / GFDL
66849,time,time,noun,C or U,時間,The inevitable progression into the future with the passing of present and past events.,"[{""english"": ""I don't know if I have the time."", ""chinese"": ""我不知道我有沒有時間。""}]",時光；時間,inevitable passing of events,Chinese | Chinese Mandarin,0.4607,0.3807,1.0000,0.2668,1944,Kaikki English / English Wiktionary,CC BY-SA 4.0 / GFDL
67438,snow,snow,verb,I,下雪,to have snow falling from the sky,"[{""english"": ""It snowed all night."", ""chinese"": ""整晚都在下雪。""}]",下雪,have snow fall from the atmosphere,Chinese Mandarin,0.4572,0.4572,0.2469,0.4572,9037,Kaikki English / English Wiktionary,CC BY-SA 4.0 / GFDL
17270,kitchener,kitchener,proper noun,,基秦拿,"A city in the Regional Municipality of Waterloo, Ontario, Canada.",[],基奇納；基秦拿,"city in Ontario, Canada",Chinese Mandarin,0.4571,0.4571,0.0658,0.4571,457208,Kaikki English / English Wiktionary,CC BY-SA 4.0 / GFDL
66966,state,state,noun,C,狀態；情況,the condition that someone or something is in,"[{""english"": ""The room was in a terrible state."", ""chinese"": ""房間的狀態很糟。""}]",狀態；狀況,a condition,Chinese Mandarin,0.4571,0.4571,0.2233,0.4571,9163,Kaikki English / English Wiktionary,CC BY-SA 4.0 / GFDL
31602,toilet,toilet,noun,C,廁所,"(UK, AU, HK) A room, enclosed area or single-purpose building containing a fixture or fixtures used for urination and defecation; a bathroom or water closet. [from 19th c.]","[{""english"": ""Does it have a toilet?"", ""chinese"": ""有廁所嗎？""}]",便所；廁所；洗手間；盥洗室；衛生間,"room used for urination and defecation — see also bathroom, men's room, ladies' room, outhouse, portable toilet, latrine, shitter, water closet",Chinese | Chinese Mandarin,0.4566,0.3766,0.9811,0.4566,4743,Kaikki English / English Wiktionary,CC BY-SA 4.0 / GFDL
8761,demydivka,demydivka,proper noun,,代米迪夫卡,"A rural settlement, the administrative centre of the settlement hromada of the same name in Dubno Raion, Rivne Oblast, Ukraine, founded in 1566.",[],代米迪夫卡,"rural settlement in Demydivka, Dubno, Rivne, Ukraine",Chinese Mandarin,0.4510,0.3710,1.0000,0.4510,1382641,Kaikki English / English Wiktionary,CC BY-SA 4.0 / GFDL
5958,china,china,proper noun,,中國,"A large country in East Asia, occupying the region around the Yellow, Yangtze, and Pearl Rivers; the People's Republic of China, since 1949.",[],中國；神州,region corresponding to the People's Republic of China and Taiwan,Chinese Mandarin,0.4495,0.3695,1.0000,0.2222,1994,Kaikki English / English Wiktionary,CC BY-SA 4.0 / GFDL
31462,tiger,tiger,noun,C,虎,"Panthera tigris, a large predatory mammal of the cat family, indigenous to Asia.",[],老虎；虎,The mammal Panthera tigris,Chinese | Chinese Mandarin,0.4474,0.3674,1.0000,0.4474,2736,Kaikki English / English Wiktionary,CC BY-SA 4.0 / GFDL
5834,chemeryntsi,chemeryntsi,proper noun,,切梅林齊,"A village, the administrative centre of Chemeryntsi starostynskyi okruh, Peremyshliany urban hromada, Lviv Raion, Lviv Oblast, Ukraine, first mentioned in 1389.",[],切梅林齊,"village in Chemeryntsi, Peremyshliany, Lviv, Lviv, Ukraine",Chinese Mandarin,0.4473,0.3673,1.0000,0.4473,1401506,Kaikki English / English Wiktionary,CC BY-SA 4.0 / GFDL
67537,horn,horn,noun,C,角；犄角,a hard pointed growth on the head of some animals,"[{""english"": ""The bull has two sharp horns."", ""chinese"": ""那頭公牛有兩隻尖角。""}]",角,growth on the heads of certain animals,Chinese Mandarin,0.4471,0.4471,0.4468,0.4471,15803,Kaikki English / English Wiktionary,CC BY-SA 4.0 / GFDL
660,aftercare,aftercare,noun,U,事後照顧,"(BDSM) Tender affection and physical care given to a partner after an activity, usually to serve as a transition between the activity and whatever follows it.",[],事後照顧,affection given to a partner after a BDSM activity,Chinese Mandarin,0.4457,0.3657,0.9484,0.4457,134865,Kaikki English / English Wiktionary,CC BY-SA 4.0 / GFDL
20617,nanjingese,nanjingese,proper noun,,南京話,The specific dialect of Jianghuai Mandarin spoken in Nanjing.,[],南京話,Nanjing dialect of Mandarin,Chinese Mandarin,0.4448,0.4448,0.2545,0.4448,755216,Kaikki English / English Wiktionary,CC BY-SA 4.0 / GFDL
18728,lysivka,lysivka,proper noun,,利西夫卡,"A village in Novi Sanzhary settlement hromada, Poltava Raion, Poltava Oblast, Ukraine.",[],利西夫卡,"village in Liutenka, Myrhorod, Poltava, Ukraine",Chinese Mandarin,0.4423,0.3623,1.0000,0.0911,1389712,Kaikki English / English Wiktionary,CC BY-SA 4.0 / GFDL
67296,back,back,noun,C,背部；後面,"the part of the body opposite the chest, or the rear part of something","[{""english"": ""My back hurts."", ""chinese"": ""我的背部很痛。""}]",尻脊；尻脊骿；背；背部；脊背,the rear of body,Chinese | Chinese Mandarin,0.4418,0.4418,0.4804,0.1914,6989,Kaikki English / English Wiktionary,CC BY-SA 4.0 / GFDL
66592,bed,bed,noun,C,床,a piece of furniture used for sleeping or resting,"[{""english"": ""The child was asleep in bed."", ""chinese"": ""孩子在床上睡着了。""}]",床；床鋪；眠床；睡鋪；臥榻,piece of furniture,Chinese | Chinese Mandarin,0.4412,0.4412,0.3144,0.4412,5013,Kaikki English / English Wiktionary,CC BY-SA 4.0 / GFDL
30950,telmanove,telmanove,proper noun,,台爾曼諾沃區,"(as Telmanove Raion) Former name of Boikivske Raion: a former raion of Donetsk Oblast, Ukraine; known by this name 1935–2016.",[],台爾曼諾沃區,former name of Boikivske Raion,Chinese Mandarin,0.4406,0.4406,0.5381,0.4406,1419576,Kaikki English / English Wiktionary,CC BY-SA 4.0 / GFDL
18463,look,look,verb,I,看；注視,"To try to see, to pay attention to with one’s eyes.","[{""english"": ""You look stupid."", ""chinese"": ""你看上去很傻。""}]",看；見；視,to try to see,Chinese | Chinese Mandarin,0.4391,0.3591,1.0000,0.4391,5397,Kaikki English / English Wiktionary,CC BY-SA 4.0 / GFDL
15336,hryhorivka,hryhorivka,proper noun,,赫里霍里夫卡,"A village in Makiivka rural hromada, Nizhyn Raion, Chernihiv Oblast, Ukraine, founded in 1910.",[],赫里霍里夫卡,"village in Bakhmach, Nizhyn, Chernihiv, Ukraine",Chinese Mandarin,0.4374,0.4374,0.7321,0.1010,1423861,Kaikki English / English Wiktionary,CC BY-SA 4.0 / GFDL
66825,boy,boy,noun,C or U,男孩儿,A male child. [from 15th c.],"[{""english"": ""Jack is the most intelligent boy in the class."", ""chinese"": ""杰克是班里最聪明的男孩儿 。""}]",男僕,male servant,Chinese Mandarin,0.4369,0.3569,0.9118,0.1417,3527,Kaikki English / English Wiktionary,CC BY-SA 4.0 / GFDL
6692,come,come,verb,I,來,(intransitive) To move nearer to the point of perspective.,[],來,to move nearer,Chinese Mandarin,0.4351,0.3551,0.8431,0.2578,6505,Kaikki English / English Wiktionary,CC BY-SA 4.0 / GFDL
66482,brain,brain,noun,C,智囊；聰明的人,an intelligent person who plans or organizes something,"[{""english"": ""She is the brain behind the successful project."", ""chinese"": ""她是這個成功項目背後的智囊。""}]",聰明人,intelligent person,Chinese Mandarin,0.4300,0.4300,0.4480,0.2360,8226,Kaikki English / English Wiktionary,CC BY-SA 4.0 / GFDL
15696,illinivka,illinivka,proper noun,,伊利尼夫卡,"A village, the administrative centre of Illinivka rural hromada, Kramatorsk Raion, Donetsk Oblast, Ukraine, first recorded as an unnamed khutir on a map from 1888.",[],伊利尼夫卡,"village in Illinivka, Kramatorsk, Donetsk, Ukraine",Chinese Mandarin,0.4276,0.3476,1.0000,0.4276,1395673,Kaikki English / English Wiktionary,CC BY-SA 4.0 / GFDL
9063,dien bien phu,dien bien phu,proper noun,,奠邊府,"A city in Dien Bien Phu prefecture, Dien Bien, Northern Vietnam, North Vietnam, Vietnam.",[],奠邊府,Dien Bien Phu,Chinese,0.4237,0.3437,1.0000,0.1101,1038725,Kaikki English / English Wiktionary,CC BY-SA 4.0 / GFDL
66758,small,small,adjective,,小,Not large or big; insignificant; few in number.,"[{""english"": ""When we are small, everything seems so big."", ""chinese"": ""我們小時候，所有的一切對我們来說都显得那麼大。。。""}]",小；細,not large,Chinese | Chinese Mandarin,0.4152,0.3352,1.0000,0.4152,2768,Kaikki English / English Wiktionary,CC BY-SA 4.0 / GFDL
17010,kadiivka,kadiivka,proper noun,,斯達漢諾夫,"A city, the administrative centre of Kadiivka urban hromada, Alchevsk Raion, Luhansk Oblast, Ukraine, founded in 1814, controlled by the Luhansk People’s Republic since 2014.",[],斯達漢諾夫,"city in Kadiivka, Alchevsk, Luhansk, Ukraine",Chinese Mandarin,0.4101,0.3301,1.0000,0.4101,1207815,Kaikki English / English Wiktionary,CC BY-SA 4.0 / GFDL
67459,wine,wine,noun,C or U,葡萄酒,an alcoholic drink made from grapes,"[{""english"": ""They served red wine with dinner."", ""chinese"": ""他們晚餐供應紅葡萄酒。""}]",葡萄酒,"alcoholic beverage made from grapes — see also port wine, chianti",Chinese | Chinese Mandarin,0.4065,0.4065,0.2954,0.1641,7042,Kaikki English / English Wiktionary,CC BY-SA 4.0 / GFDL
22568,paris,paris,proper noun,,巴黎,"A department of Île-de-France, France.","[{""english"": ""Paris is the most beautiful city in the world."", ""chinese"": ""巴黎是世界上最美丽的城市。""}]",巴黎,capital of France,Chinese | Chinese Mandarin,0.4050,0.3250,1.0000,0.2673,11386,Kaikki English / English Wiktionary,CC BY-SA 4.0 / GFDL
2666,balakliia,balakliia,proper noun,,巴拉克利亚,"A city, the administrative centre of Balakliia urban hromada, Izium Raion, Kharkiv Oblast, Ukraine, founded in 1663, perhaps on the site of an earlier Tatar settlement.",[],巴拉克利亚,"city in Balakliia, Izium, Kharkiv, Ukraine",Chinese Mandarin,0.3944,0.3144,1.0000,0.3944,1193393,Kaikki English / English Wiktionary,CC BY-SA 4.0 / GFDL
34628,zaozerne,zaozerne,proper noun,,扎奧澤爾內,"A village in Novotroitske settlement hromada, Henichesk Raion, Kherson Oblast, Ukraine, founded in 1907.",[],扎奧澤爾內,"village in Tavrychanka, Kakhovka, Kherson, Ukraine",Chinese Mandarin,0.3912,0.3112,1.0000,0.0948,1428887,Kaikki English / English Wiktionary,CC BY-SA 4.0 / GFDL
21696,oleshky,oleshky,proper noun,,奧萊什基,"A city, the administrative centre of Oleshky urban hromada, Kherson Raion, Kherson Oblast, Ukraine, founded in 1784 on the site of a much older settlement.",[],奧萊什基,"city in Oleshky, Kherson, Kherson, Ukraine",Chinese Mandarin,0.3829,0.3029,1.0000,0.3829,1190697,Kaikki English / English Wiktionary,CC BY-SA 4.0 / GFDL
17371,krasnaya yaruga,krasnaya yaruga,proper noun,,紅亞魯加區,"An urban-type settlement, the administrative centre of both the urban settlement and the raion of the same name in Belgorod Oblast, Central Federal District, Russia, first mentioned in 1681.",[],紅亞魯加,"urban-type settlement in Krasnaya Yaruga, Krasnaya Yaruga, Belgorod, Central Russia",Chinese Mandarin,0.3828,0.3028,1.0000,0.3828,1381895,Kaikki English / English Wiktionary,CC BY-SA 4.0 / GFDL
13587,god,god,proper noun,,天主,The single male deity of various bitheistic or duotheistic religions.,[],上帝；天主；真主,single deity of monotheism,Chinese | Chinese Mandarin,0.3824,0.3024,1.0000,0.3824,63823,Kaikki English / English Wiktionary,CC BY-SA 4.0 / GFDL
16659,jabalya,jabalya,proper noun,,賈巴利亞,"A city in the Jabalya region, North Gaza governorate, Northern Gaza, Gaza Strip, Palestine, Israel, Levant, lying to the north of Gaza City.",[],賈巴利亞,city in the Gaza Strip,Chinese Mandarin,0.3811,0.3011,1.0000,0.3811,1274735,Kaikki English / English Wiktionary,CC BY-SA 4.0 / GFDL
24579,prostore,prostore,proper noun,,普羅斯托雷,"A village in Chernihivka settlement hromada, Berdiansk Raion, Zaporizhzhia Oblast, Ukraine, founded by Frisian Mennonites from West Prussia in May 1820, occupied by Russian forces since late February 2022.",[],普羅斯托雷,"village in Chernihivka, Berdiansk, Zaporizhzhia, Ukraine",Chinese Mandarin,0.3781,0.2981,1.0000,0.1660,1395198,Kaikki English / English Wiktionary,CC BY-SA 4.0 / GFDL
5959,china,china,proper noun,,中國,"(historical) The Republic of China prior to 1949, and sometimes after that time, particularly up through the early 1970's or so (when the People's Republic of China assumed the United Nations seat allocated to China).","[{""english"": ""Mr Wang is from China."", ""chinese"": ""王先生是中國人。""}]",中國；神州,region corresponding to the People's Republic of China and Taiwan,Chinese Mandarin,0.3752,0.2952,0.9478,0.1610,1994,Kaikki English / English Wiktionary,CC BY-SA 4.0 / GFDL
66772,world,world,noun,C,世界,"(with ""the"" or a plural possessive pronoun) The subjective human experience, regarded collectively; human collective existence; existence in general; the reality we live in.","[{""english"": ""Education in this world disappoints me."", ""chinese"": ""世界上的教育都讓我失望。""}]",世界,collective/subjective human experience,Chinese | Chinese Mandarin,0.3750,0.2950,0.8083,0.2617,1817,Kaikki English / English Wiktionary,CC BY-SA 4.0 / GFDL
67083,by,by,preposition,,乘搭,using a means of transport,"[{""english"": ""We travelled by train."", ""chinese"": ""我們乘搭火車旅行。""}]",用…；由…,indicates a means,Chinese Mandarin,0.3729,0.3729,0.2958,0.3729,8213,Kaikki English / English Wiktionary,CC BY-SA 4.0 / GFDL
34573,you,you,pronoun,,您,"(object pronoun) The person spoken to or written to, as an object. (Replacing thee; originally as a mark of respect.) [from 13th c.]",[],你；您；汝,subject pronoun: the person being addressed,Chinese | Chinese Mandarin,0.3720,0.2920,0.9012,0.3720,2938,Kaikki English / English Wiktionary,CC BY-SA 4.0 / GFDL
9023,diamond,diamond,noun,C or U,钻石,A gemstone made from this mineral.,"[{""english"": ""The diamond was set in a gold ring."", ""chinese"": ""钻石被镶在一个金戒指上。""}]",金剛石,uncountable: mineral,Chinese | Chinese Mandarin,0.3704,0.2904,1.0000,0.3704,17308,Kaikki English / English Wiktionary,CC BY-SA 4.0 / GFDL
66771,red,red,adjective,,红,(of hair) Having an orange-brown or orange-blond colour; ginger.,"[{""english"": ""Fish and red wine don't go together."", ""chinese"": ""鱼和红酒不相配。""}]",紅；紅色,having red as its colour,Chinese | Chinese Mandarin,0.3693,0.2893,0.8619,0.3693,2849,Kaikki English / English Wiktionary,CC BY-SA 4.0 / GFDL
26377,rose,rose,noun,C or U,玫瑰花,A flower of the rose plant.,[],月季；玫瑰；玫瑰花,flower,Chinese | Chinese Mandarin,0.3675,0.2875,1.0000,0.3675,4420,Kaikki English / English Wiktionary,CC BY-SA 4.0 / GFDL
67650,pot,pot,noun,C,鍋；壺,a deep round container used for cooking or holding food or liquid,"[{""english"": ""Heat the soup in a large pot."", ""chinese"": ""用大鍋把湯加熱。""}]",壺；鍋,vessel for cooking or storing food etc.,Chinese Mandarin,0.3598,0.3598,0.2485,0.3598,12099,Kaikki English / English Wiktionary,CC BY-SA 4.0 / GFDL
14798,hen,hen,noun,C,母雞,"A female of other bird species, particularly a sexually mature female fowl.","[{""english"": ""That fox must have killed the hen."", ""chinese"": ""那隻狐狸殺了一隻母雞。""}]",母雞,female bird,Chinese Mandarin,0.3586,0.2786,1.0000,0.3586,17969,Kaikki English / English Wiktionary,CC BY-SA 4.0 / GFDL
18789,madder,madder,noun,C or U,茜草,A dye made from the plant.,[],茜草,plant,Chinese,0.3550,0.2750,1.0000,0.3550,23350,Kaikki English / English Wiktionary,CC BY-SA 4.0 / GFDL
66840,man,man,noun,C,人,"A male person, usually an adult; a (generally adult male) sentient being, whether human, supernatural, elf, alien, etc.","[{""english"": ""You seem to be an honest man."", ""chinese"": ""你看起来像個老實人。""}]",查埔人；男人；男子；男子漢；男的,adult male human,Chinese | Chinese Mandarin,0.3477,0.2677,1.0000,0.1549,1355,Kaikki English / English Wiktionary,CC BY-SA 4.0 / GFDL
14766,hello,hello,exclamation,,喂,A greeting used when answering the telephone.,[],你們好；你好；哈囉；嗨；好；您好；汝好,greeting,Chinese | Chinese Mandarin,0.3473,0.2673,1.0000,0.3473,4477,Kaikki English / English Wiktionary,CC BY-SA 4.0 / GFDL
66700,number,number,noun,C,數,An abstract entity used to describe quantity.,"[{""english"": ""Due to a number of unfortunate causes, one-parent families are on the increase."", ""chinese"": ""由于诸多不幸因素，单親家庭的數量在增長中。""}]",多少；數碼,quantity,Chinese Mandarin,0.3473,0.2673,1.0000,0.1833,1117,Kaikki English / English Wiktionary,CC BY-SA 4.0 / GFDL
67828,saddle,saddle,noun,C,馬鞍；車座,"a seat used for riding a horse, bicycle, or motorcycle","[{""english"": ""He climbed into the saddle."", ""chinese"": ""他跨上馬鞍。""}]",鞍；鞍子；鞍座；馬鞍,seat for a rider placed on the back of a horse or other animal,Chinese Mandarin,0.3435,0.3435,0.1842,0.3435,73167,Kaikki English / English Wiktionary,CC BY-SA 4.0 / GFDL
27070,science,science,noun,C,科學,"A particular discipline or branch of knowledge that is natural, measurable or consisting of systematic principles rather than intuition or technical skill. [from 14th c.]","[{""english"": ""Science has brought about many changes to our lives."", ""chinese"": ""科學為我們的生活帶來了許多的改變。""}]",科學,particular discipline or branch of learning,Chinese Mandarin,0.3423,0.2623,0.9905,0.3423,6240,Kaikki English / English Wiktionary,CC BY-SA 4.0 / GFDL
66688,head,head,noun,C,頭,"The part of the body of an animal or human which contains the brain, mouth, and main sense organs.","[{""english"": ""Cover your head when you are in the sun."", ""chinese"": ""當你在陽光下的時候，遮住你的頭。""}]",腦袋；頭；頭腦,part of the body,Chinese | Chinese Mandarin,0.3415,0.2615,1.0000,0.1759,191,Kaikki English / English Wiktionary,CC BY-SA 4.0 / GFDL
2544,baby,baby,noun,C,嬰兒,"A very young human, even if not yet born.","[{""english"": ""Mick named the baby Richard."", ""chinese"": ""米克為嬰兒取名為理查。""}]",娃娃；嬰；嬰仔；嬰兒；嬰孩；嬰幼兒；宝宝；小娃娃,very young human being — see also child,Chinese | Chinese Mandarin,0.3408,0.3408,0.2167,0.3408,2512,Kaikki English / English Wiktionary,CC BY-SA 4.0 / GFDL
10739,era,era,noun,C,时代,"A time period of indeterminate length, generally more than one year.","[{""english"": ""The revolution ushered in a new era."", ""chinese"": ""革命迎来了新时代。""}]",時代；紀元,time period,Chinese Mandarin,0.3407,0.2607,1.0000,0.3407,8124,Kaikki English / English Wiktionary,CC BY-SA 4.0 / GFDL
3655,blahodativka,blahodativka,proper noun,,布拉霍達蒂夫卡,"A village in Bibrka urban hromada, Lviv Raion, Lviv Oblast, Ukraine, founded in 1772.",[],布拉霍達蒂夫卡,"village in Kalynivske, Beryslav, Kherson, Ukraine",Chinese Mandarin,0.3405,0.2605,1.0000,0.3405,1423373,Kaikki English / English Wiktionary,CC BY-SA 4.0 / GFDL
3653,blahodativka,blahodativka,proper noun,,布拉霍達蒂夫卡,"A village in Kindrashivka rural hromada, Kupiansk Raion, Kharkiv Oblast, Ukraine, founded in 1888.",[],布拉霍達蒂夫卡,"village in Kalynivske, Beryslav, Kherson, Ukraine",Chinese Mandarin,0.3355,0.2555,1.0000,0.3355,1423373,Kaikki English / English Wiktionary,CC BY-SA 4.0 / GFDL
33697,we,we,pronoun,,我們,"The institution which the speaker/writer is acting for. (This is the editorial we, used by writers and others when speaking with the authority of their publication or organisation.)",[],你我；咱；咱人；咱們,"inclusive we (the speaker and the person(s) being addressed, and possibly others)",Chinese | Chinese Mandarin,0.3328,0.2528,1.0000,0.0613,5459,Kaikki English / English Wiktionary,CC BY-SA 4.0 / GFDL
15697,illinivka,illinivka,proper noun,,伊利尼夫卡鄉級市鎮,"A rural hromada of Kramatorsk Raion, Donetsk Oblast, Ukraine, established in August 2016.",[],伊利尼夫卡,"village in Illinivka, Kramatorsk, Donetsk, Ukraine",Chinese Mandarin,0.3326,0.3326,0.4260,0.3326,1395673,Kaikki English / English Wiktionary,CC BY-SA 4.0 / GFDL
8477,debaltseve,debaltseve,proper noun,,德巴利采韋市鎮,"A city, the administrative centre of Debaltseve urban hromada, Horlivka Raion, Donetsk Oblast, Ukraine, founded as a railway station in 1878, controlled by the Donetsk People’s Republic since the conclusion of the Battle of Debaltseve in February 2015.",[],傑巴利采韋,"city in Debaltseve, Horlivka, Donetsk, Ukraine",Chinese Mandarin,0.3319,0.2519,1.0000,0.3319,650383,Kaikki English / English Wiktionary,CC BY-SA 4.0 / GFDL
22832,peace,peace,noun,U,和平,"A state of tranquility, quiet, and harmony. For instance, a state free from civil disturbance.",[],和平,state of being free from war,Chinese | Chinese Mandarin,0.3303,0.2503,1.0000,0.1161,1637,Kaikki English / English Wiktionary,CC BY-SA 4.0 / GFDL
66698,day,day,noun,C,日,"A period of time equal or almost equal to a full day-night cycle, being 24 hours long.","[{""english"": ""Rome wasn't built in a day."", ""chinese"": ""冰冻三尺，非一日之寒。""}]",天；工；日,period of 24 hours,Chinese | Chinese Mandarin,0.3293,0.2493,1.0000,0.3293,106,Kaikki English / English Wiktionary,CC BY-SA 4.0 / GFDL
15347,hryhorivka,hryhorivka,proper noun,,赫里霍里夫卡,"A village in Mohyliv-Podilskyi urban hromada, Mohyliv-Podilskyi Raion, Vinnytsia Oblast, Ukraine, founded in 1530.",[],赫里霍里夫卡,"village in Novooleksandrivka, Zaporizhzhia, Zaporizhzhia, Ukraine",Chinese Mandarin,0.3265,0.2465,1.0000,0.0664,1423863,Kaikki English / English Wiktionary,CC BY-SA 4.0 / GFDL
15342,hryhorivka,hryhorivka,proper noun,,赫里霍里夫卡,"A village in Yahotyn urban hromada, Boryspil Raion, Kyiv Oblast, Ukraine, founded in 1927.",[],赫里霍里夫卡,"village in Novooleksandrivka, Zaporizhzhia, Zaporizhzhia, Ukraine",Chinese Mandarin,0.3234,0.2434,1.0000,0.0631,1423863,Kaikki English / English Wiktionary,CC BY-SA 4.0 / GFDL
26378,rose,rose,noun,C or U,玫瑰花,Something resembling a rose flower.,[],月季；玫瑰；玫瑰花,flower,Chinese | Chinese Mandarin,0.3233,0.3233,0.7492,0.3233,4420,Kaikki English / English Wiktionary,CC BY-SA 4.0 / GFDL
15008,hit,hit,verb,T,打擊,"(transitive) To administer a blow to, directly or with a weapon or missile.",[],打擊,to administer a blow — see also strike,Chinese Mandarin,0.3152,0.3152,0.1304,0.3152,6786,Kaikki English / English Wiktionary,CC BY-SA 4.0 / GFDL
8762,demydivka,demydivka,proper noun,,代米迪夫卡,"A village in Trostianets settlement hromada, Haisyn Raion, Vinnytsia Oblast, Ukraine, founded in 1700.",[],代米迪夫卡,"rural settlement in Demydivka, Dubno, Rivne, Ukraine",Chinese Mandarin,0.3119,0.2319,1.0000,0.3119,1382641,Kaikki English / English Wiktionary,CC BY-SA 4.0 / GFDL
20356,mouse,mouse,noun,C,老鼠,(computing) An input device that is moved over a pad or other flat surface to produce a corresponding movement of a pointer on a graphical display.,"[{""english"": ""A mouse is a timid creature."", ""chinese"": ""老鼠是胆小的生物。""}]",滑鼠；鼠標；鼠標器,computing: input device,Chinese | Chinese Mandarin,0.3095,0.2295,0.9392,0.3095,3027,Kaikki English / English Wiktionary,CC BY-SA 4.0 / GFDL
22023,oroqen,oroqen,adjective,,鄂倫春族,Of or related to the Oroqen language.,[],鄂倫春族,"Oroqen, an ethinic group",Chinese,0.3085,0.2285,1.0000,0.3085,575120,Kaikki English / English Wiktionary,CC BY-SA 4.0 / GFDL
68096,pain,pain,noun,U,精神痛苦；悲痛,strong emotional suffering,"[{""english"": ""The loss caused her great pain."", ""chinese"": ""這次失去令她承受巨大精神痛苦。""}]",疼；疼痛；痛；痛苦；苦痛,ache or bodily suffering,Chinese Mandarin,0.3080,0.3080,0.1938,0.3080,6180,Kaikki English / English Wiktionary,CC BY-SA 4.0 / GFDL
18427,london,london,proper noun,,倫敦,"The capital city of the United Kingdom; the capital city of England, within Greater London. Situated on the tidal River Thames in southeast England, with a metropolitan population of more than 13,000,000.","[{""english"": ""How many days will you remain in London?"", ""chinese"": ""你要在倫敦待幾天？""}]",倫敦,capital of England and United Kingdom,Chinese | Chinese Mandarin,0.3076,0.2276,1.0000,0.3076,11419,Kaikki English / English Wiktionary,CC BY-SA 4.0 / GFDL
21807,onion,onion,noun,C,洋蔥,"A monocotyledonous plant (Allium cepa), allied to garlic, used as vegetable and spice.","[{""english"": ""I love onions!"", ""chinese"": ""我愛洋蔥！""}]",北蔥；洋蔥；蔥頭,Allium cepa,Chinese | Chinese Mandarin,0.3073,0.2273,1.0000,0.3073,15560,Kaikki English / English Wiktionary,CC BY-SA 4.0 / GFDL
15306,how,how,adverb,,怎么,In any manner in which; in whatever way; however.,"[{""english"": ""She's asking how that's possible."", ""chinese"": ""她问这怎么可能。""}]",咋；如何；怎仔樣；怎樣；怎麼；怎麼樣；按怎；按怎樣,in what manner,Chinese | Chinese Mandarin,0.3067,0.2267,1.0000,0.3067,4192,Kaikki English / English Wiktionary,CC BY-SA 4.0 / GFDL
17372,krasnaya yaruga,krasnaya yaruga,proper noun,,紅亞魯加區,"An urban settlement of the raion of the same name of Belgorod Oblast, Central Federal District, Russia, established in December 2004.",[],紅亞魯加,"urban-type settlement in Krasnaya Yaruga, Krasnaya Yaruga, Belgorod, Central Russia",Chinese Mandarin,0.3059,0.3059,0.6072,0.3059,1381895,Kaikki English / English Wiktionary,CC BY-SA 4.0 / GFDL
2543,baby,baby,noun,C,嬰兒,"A very young human, particularly from birth to a couple of years old or until walking is fully mastered.","[{""english"": ""Mick named the baby Richard."", ""chinese"": ""米克為嬰兒取名為理查。""}]",娃娃；嬰；嬰仔；嬰兒；嬰孩；嬰幼兒；宝宝；小娃娃,very young human being — see also child,Chinese | Chinese Mandarin,0.2999,0.2199,1.0000,0.2999,2512,Kaikki English / English Wiktionary,CC BY-SA 4.0 / GFDL
27072,science,science,noun,U,科学,"(uncountable, archaic) Knowledge gained through study or practice; mastery of a particular discipline or area. [from 14th c.]",[],科學,particular discipline or branch of learning,Chinese Mandarin,0.2992,0.2192,0.8150,0.2992,6240,Kaikki English / English Wiktionary,CC BY-SA 4.0 / GFDL
66587,wing,wing,noun,C,機翼,a part of an aircraft that provides lift,"[{""english"": ""Ice had formed on the aircraft's wings."", ""chinese"": ""飛機的機翼上結了冰。""}]",翅股；翅膀；翼仔；膀子；舞翼,part of an animal,Chinese | Chinese Mandarin,0.2979,0.2979,0.4371,0.2423,3997,Kaikki English / English Wiktionary,CC BY-SA 4.0 / GFDL
10740,era,era,noun,C,时代,(informal) An indefinite period of time in one’s life characterized by a particular interest.,"[{""english"": ""The revolution ushered in a new era."", ""chinese"": ""革命迎来了新时代。""}]",時代；紀元,time period,Chinese Mandarin,0.2950,0.2150,0.9064,0.2950,8124,Kaikki English / English Wiktionary,CC BY-SA 4.0 / GFDL
30162,sukha balka,sukha balka,proper noun,,蘇哈巴爾卡,"A village in Valky urban hromada, Bohodukhiv Raion, Kharkiv Oblast, Ukraine, founded in 1917.",[],蘇哈巴爾卡,"village in Mostove, Voznesensk, Mykolaiv, Ukraine",Chinese Mandarin,0.2947,0.2147,1.0000,0.2947,1389610,Kaikki English / English Wiktionary,CC BY-SA 4.0 / GFDL
24710,pugach,pugach,proper noun,,普加奇,"A surname from Yiddish, Ukrainian, Russian, meaning “owl”, variant of Pugacz, equivalent to Ukrainian Пугач (Puhač) or Hebrew פוגץ or פוגטש.",[],普加奇,surname from Hebrew,Chinese Mandarin,0.2943,0.2143,1.0000,0.2943,1409486,Kaikki English / English Wiktionary,CC BY-SA 4.0 / GFDL
66509,foot,foot,noun,C,腳；足,the part at the end of the leg on which a person or animal stands,"[{""english"": ""She hurt her left foot."", ""chinese"": ""她弄傷了左腳。""}]",腳；足；跤,part of animal’s body,Chinese | Chinese Mandarin,0.2936,0.2936,0.2738,0.1219,5533,Kaikki English / English Wiktionary,CC BY-SA 4.0 / GFDL
67213,burn,burn,verb,I or T,燃燒；燒傷,"to be on fire, or to damage with fire or heat","[{""english"": ""Be careful not to burn your hand."", ""chinese"": ""小心不要燒傷你的手。""}]",燃燒；燒,to be consumed by fire,Chinese Mandarin,0.2932,0.2932,0.3252,0.2932,6468,Kaikki English / English Wiktionary,CC BY-SA 4.0 / GFDL
66887,speak,speak,verb,I,說話,"(intransitive) To communicate with one's voice, to say words out loud.","[{""english"": ""Since Mario lied to me, I don't speak to him anymore."", ""chinese"": ""自從马里奥對我撒了谎，我就再也不跟他說話了。""}]",會說,to be able to communicate in a language,Chinese Mandarin,0.2929,0.2129,0.8797,0.2929,7138,Kaikki English / English Wiktionary,CC BY-SA 4.0 / GFDL
31618,toledo,toledo,proper noun,,托萊多,"A large city and county seat of Lucas County, Ohio.",[],托萊多,city and province of Spain,Chinese,0.2916,0.2916,0.1784,0.2916,296472,Kaikki English / English Wiktionary,CC BY-SA 4.0 / GFDL
18960,malta,malta,proper noun,,马耳他,The largest island in the Maltese Archipelago.,[],馬耳他島,island,Chinese Mandarin,0.2906,0.2106,1.0000,0.2906,2094,Kaikki English / English Wiktionary,CC BY-SA 4.0 / GFDL
13058,gas,gas,noun,C,气体,"(countable, physical chemistry) A chemical element or compound in such a state.","[{""english"": ""The gas gives off a strong, unpleasant smell."", ""chinese"": ""這個氣體散發出強烈難聞的氣味。""}]",氣；氣體,"(uncountable, chemistry) state of matter",Chinese | Chinese Mandarin,0.2895,0.2895,0.6281,0.2895,2070,Kaikki English / English Wiktionary,CC BY-SA 4.0 / GFDL
8298,dance,dance,noun,C or U,舞蹈,"A sequence of rhythmic steps or movements usually performed to music, for pleasure or as a form of social interaction.","[{""english"": ""Lately there have been constant dance rehearsals; Performances will be on Friday and Saturday."", ""chinese"": ""最近一直在舞蹈排练，周五周六要演出啊。""}]",舞蹈；跳舞,movements to music,Chinese | Chinese Mandarin,0.2879,0.2079,1.0000,0.2879,30017,Kaikki English / English Wiktionary,CC BY-SA 4.0 / GFDL
33582,warm,warm,adjective,,热,"Of a somewhat high temperature, often but not always connoting that the high temperature is pleasant rather than uncomfortable.",[],暖和；溫暖；燒烙,having a temperature slightly higher than usual,Chinese | Chinese Mandarin,0.2861,0.2061,1.0000,0.2861,4006,Kaikki English / English Wiktionary,CC BY-SA 4.0 / GFDL
17187,kili,kili,proper noun,,奇力語,A Tungusic language spoken in China and Russia.,[],奇力語,language,Chinese,0.2856,0.2056,1.0000,0.2856,400173,Kaikki English / English Wiktionary,CC BY-SA 4.0 / GFDL
8759,demydivka,demydivka,proper noun,,代米迪夫卡,"A village in Omelnyk rural hromada, Kremenchuk Raion, Poltava Oblast, Ukraine, founded in 1654.",[],代米迪夫卡,"rural settlement in Demydivka, Dubno, Rivne, Ukraine",Chinese Mandarin,0.2830,0.2030,1.0000,0.2830,1382641,Kaikki English / English Wiktionary,CC BY-SA 4.0 / GFDL
33893,where,where,adverb,,哪里,"(fused relative) The place in, at or to which.","[{""english"": ""I didn't know where it came from."", ""chinese"": ""我不知道它是从哪里来的。""}]",佗位；哪兒；哪裡；那兒；那裡,at or in which place,Chinese | Chinese Mandarin,0.2815,0.2815,0.5848,0.2815,7194,Kaikki English / English Wiktionary,CC BY-SA 4.0 / GFDL
22022,oroqen,oroqen,adjective,,鄂倫春族,Of or related to the Oroqen people.,[],鄂倫春族,"Oroqen, an ethinic group",Chinese,0.2809,0.2009,1.0000,0.2809,575120,Kaikki English / English Wiktionary,CC BY-SA 4.0 / GFDL
28520,smoke,smoke,verb,I,吸煙,(intransitive) To inhale and exhale tobacco smoke.,[],冒煙,to give off smoke,Chinese Mandarin,0.2800,0.2000,0.8352,0.2800,8980,Kaikki English / English Wiktionary,CC BY-SA 4.0 / GFDL
8882,desert,desert,noun,C or U,沙漠,"A barren area of land or desolate terrain, especially one with little water or vegetation; a wasteland.","[{""english"": ""One third of the earth's surface is desert."", ""chinese"": ""地球表面的三分之一是沙漠。""}]",沙漠；砂漠,barren area,Chinese | Chinese Mandarin,0.2795,0.1995,1.0000,0.2795,17607,Kaikki English / English Wiktionary,CC BY-SA 4.0 / GFDL
19900,minuet,minuet,noun,C,小步舞曲,(music) A complete short musical composition inspired by and conforming to many formal characteristics of the traditional musical accompaniment to the dance of same name.,[],小步舞曲,music accompanying the dance,Chinese,0.2767,0.1967,0.9533,0.2767,35143,Kaikki English / English Wiktionary,CC BY-SA 4.0 / GFDL
66722,life,life,noun,C or U,生活,"The state of organisms preceding their death, characterized by biological processes such as metabolism and reproduction and distinguishing them from inanimate objects; the state of being alive and living.","[{""english"": ""Life is what happens to you while you're busy making other plans."", ""chinese"": ""生活就是當你忙著進行你的計劃時總有其他的事情發生。""}]",性命；生命；生活,the state of being alive,Chinese | Chinese Mandarin,0.2752,0.1952,1.0000,0.2752,8819,Kaikki English / English Wiktionary,CC BY-SA 4.0 / GFDL
1860,armed,armed,adjective,,武裝的,"(of a person, specifically) Equipped with a gun.",[],武裝的,"equipped, especially with a weapon",Chinese Mandarin,0.2725,0.2725,0.2725,0.2725,30525,Kaikki English / English Wiktionary,CC BY-SA 4.0 / GFDL
18578,low blow,low blow,noun,C,不公平的事,"(figurative, by extension) Any attack that is considered unfair or unscrupulous.",[],不公平的事,an unfair attack,Chinese,0.2717,0.2717,0.7438,0.2717,101746,Kaikki English / English Wiktionary,CC BY-SA 4.0 / GFDL
28842,son,son,noun,C,兒子,One's male offspring.,[],兒子；囝；後生；後的,a male person in relation to his parents,Chinese | Chinese Mandarin,0.2700,0.1900,1.0000,0.2700,3946,Kaikki English / English Wiktionary,CC BY-SA 4.0 / GFDL
18072,lift,lift,verb,T,舉起；抬起,To try to raise something; to exert the strength for raising or bearing.,"[{""english"": ""I can't lift my right arm."", ""chinese"": ""我無法舉起我的右手臂。""}]",举；抬；拿起；揚,to raise or rise,Chinese Mandarin,0.2694,0.1894,1.0000,0.2694,9056,Kaikki English / English Wiktionary,CC BY-SA 4.0 / GFDL
66591,bad,bad,adjective,,不擅長的,not skilled or successful at doing something,"[{""english"": ""I am bad at remembering names."", ""chinese"": ""我不擅長記住別人的名字。""}]",不合適；不恰當,not suitable or fitting,Chinese Mandarin,0.2689,0.2689,0.1015,0.1590,4807,Kaikki English / English Wiktionary,CC BY-SA 4.0 / GFDL
66920,fast,fast,adjective,,快的；快速的,moving or happening quickly,"[{""english"": ""This is a fast train."", ""chinese"": ""這是一列快速的火車。""}]",快,moving or capable of moving with great speed,Chinese Mandarin,0.2688,0.2688,0.1953,0.2688,10624,Kaikki English / English Wiktionary,CC BY-SA 4.0 / GFDL
66891,war,war,noun,C or U,戰爭,"Organized, large-scale, armed conflict between countries or between national, ethnic, or other sizeable groups, usually but not always involving active engagement of military forces.","[{""english"": ""A nuclear war will bring about the destruction of mankind."", ""chinese"": ""核戰爭將會為人類帶來滅亡。""}]",仗；戰爭,conflict involving organized use of arms,Chinese | Chinese Mandarin,0.2683,0.1883,1.0000,0.2683,1624,Kaikki English / English Wiktionary,CC BY-SA 4.0 / GFDL
15343,hryhorivka,hryhorivka,proper noun,,赫里霍里夫卡,"A village in Berezan urban hromada, Brovary Raion, Kyiv Oblast, Ukraine, founded by a settler from the village of Kuliabivka in 1950.",[],赫里霍里夫卡,"village in Novooleksandrivka, Zaporizhzhia, Zaporizhzhia, Ukraine",Chinese Mandarin,0.2674,0.1874,1.0000,0.0711,1423863,Kaikki English / English Wiktionary,CC BY-SA 4.0 / GFDL
29289,spring,spring,noun,C or U,春季,"The season of the year in temperate regions in which temperatures and daylight hours rise, and plants spring from the ground and into bloom and dormant animals spring to life.","[{""english"": ""North China is cold in spring, so flowers don't bloom outdoors."", ""chinese"": ""春季的时候，中国北边很冷，所以在外边的花不开花。""}]",春；春天；春季,season between winter and summer in temperate climates,Chinese | Chinese Mandarin,0.2672,0.1872,1.0000,0.2672,992,Kaikki English / English Wiktionary,CC BY-SA 4.0 / GFDL
8760,demydivka,demydivka,proper noun,,代米迪夫卡,"A village in Reshetylivka urban hromada, Poltava Raion, Poltava Oblast, Ukraine, founded in 1691.",[],代米迪夫卡,"rural settlement in Demydivka, Dubno, Rivne, Ukraine",Chinese Mandarin,0.2668,0.1868,1.0000,0.2668,1382641,Kaikki English / English Wiktionary,CC BY-SA 4.0 / GFDL
20554,mykolaivske,mykolaivske,proper noun,,米科拉伊夫斯凱,"A former village in Mykhalchyna-Sloboda silrada, Novhorod-Siverskyi Raion, Chernihiv Oblast, Ukraine, founded in the 1920s–30s, disincorporated in July 2016.",[],米科拉伊夫斯凱,"village in Shevchenkove, Mykolaiv, Mykolaiv, Ukraine",Chinese Mandarin,0.2654,0.1854,1.0000,0.2654,1425774,Kaikki English / English Wiktionary,CC BY-SA 4.0 / GFDL
66902,field,field,noun,C,田地；田野,an area of land used for crops or animals,"[{""english"": ""The cows are in the field."", ""chinese"": ""牛在田地裡。""}]",田；田間；野；野外,"land area free of woodland, cities, and towns; open country",Chinese Mandarin,0.2651,0.2651,0.2133,0.1744,9091,Kaikki English / English Wiktionary,CC BY-SA 4.0 / GFDL
67111,fruit,fruit,noun,C or U,水果,the sweet part of a plant that contains seeds and can be eaten,"[{""english"": ""Eat more fresh fruit."", ""chinese"": ""多吃新鮮水果。""}]",果；果子；果實；樹子,part of plant,Chinese | Chinese Mandarin,0.2596,0.2596,0.2129,0.2323,1766,Kaikki English / English Wiktionary,CC BY-SA 4.0 / GFDL
67437,snow,snow,noun,U,雪,soft white pieces of frozen water that fall from the sky,"[{""english"": ""Snow covered the road."", ""chinese"": ""雪覆蓋了道路。""}]",雪,"partly frozen, crystalline state of water that falls from the atmosphere as precipitation in flakes; falling of such flakes; accumulation of them as a white layer",Chinese | Chinese Mandarin,0.2588,0.2588,0.1447,0.2588,9036,Kaikki English / English Wiktionary,CC BY-SA 4.0 / GFDL
15305,how,how,adverb,,怎么,(interrogative) To what degree or extent.,"[{""english"": ""She's asking how that's possible."", ""chinese"": ""她问这怎么可能。""}]",咋；如何；怎仔樣；怎樣；怎麼；怎麼樣；按怎；按怎樣,in what manner,Chinese | Chinese Mandarin,0.2554,0.2554,0.7573,0.2554,4192,Kaikki English / English Wiktionary,CC BY-SA 4.0 / GFDL
27071,science,science,noun,C or U,科學,The collective discipline of study or learning acquired through the scientific method; the sum of knowledge gained from such methods and discipline. [from 18th c.],"[{""english"": ""Science has brought about many changes to our lives."", ""chinese"": ""科學為我們的生活帶來了許多的改變。""}]",科學,particular discipline or branch of learning,Chinese Mandarin,0.2547,0.1747,0.9901,0.2547,6240,Kaikki English / English Wiktionary,CC BY-SA 4.0 / GFDL
3189,belfry,belfry,noun,C,瞭望塔,(obsolete) An alarm-tower; a watchtower possibly containing an alarm-bell.,[],鐘樓,"tower or steeple specifically for containing bells, especially as part of a church",Chinese Mandarin,0.2531,0.1731,0.8627,0.2531,111056,Kaikki English / English Wiktionary,CC BY-SA 4.0 / GFDL
15340,hryhorivka,hryhorivka,proper noun,,赫里霍里夫卡,"A village in Tetiiv urban hromada, Bila Tserkva Raion, Kyiv Oblast, Ukraine, founded by migrants from the nearby village of Cherepyn in 1924.",[],赫里霍里夫卡,"village in Novooleksandrivka, Zaporizhzhia, Zaporizhzhia, Ukraine",Chinese Mandarin,0.2525,0.1725,1.0000,0.0645,1423863,Kaikki English / English Wiktionary,CC BY-SA 4.0 / GFDL
31560,to,to,preposition,,到；向,"Indicating destination or final position: In the direction of, so as to arrive at or reach.",[],給,used to indicate the indirect object,Chinese Mandarin,0.2501,0.1701,1.0000,0.0998,3496,Kaikki English / English Wiktionary,CC BY-SA 4.0 / GFDL
1302,angel,angel,noun,C,天使,"An incorporeal and holy or semidivine messenger from a deity or other divine entity, traditionally depicted as a youthful, winged figure in flowing robes.",[],天使；安琪兒,messenger from a deity,Chinese | Chinese Mandarin,0.2496,0.1696,1.0000,0.2496,5547,Kaikki English / English Wiktionary,CC BY-SA 4.0 / GFDL
3871,boikivske,boikivske,proper noun,,博伊基夫斯凱,"A former selrada (until 1971, a silrada) of Boikivske Raion, Donetsk Oblast, Ukraine, established in 1923, merged into Boikivske settlement hromada in June 2020.",[],博伊基夫斯凱,"rural settlement in Boikivske, Kalmiuske, Donetsk, Ukraine",Chinese Mandarin,0.2434,0.2434,0.1023,0.2434,1419297,Kaikki English / English Wiktionary,CC BY-SA 4.0 / GFDL
1864,armenia,armenia,proper noun,,亞美尼亞,"(historical) Ancient kingdom in the Armenian Highland southeast of Black Sea and southwest of Caspian Sea; area now divided between Turkey, Republic of Armenia, Azerbaijan, Georgia and Iran.","[{""english"": ""Armenia is a mountainous country."", ""chinese"": ""亞美尼亞是一個多山的國家。""}]",亞美尼亞,ancient kingdom and country,Chinese | Chinese Mandarin,0.2427,0.1627,0.9589,0.2427,1968,Kaikki English / English Wiktionary,CC BY-SA 4.0 / GFDL
8476,debaltseve,debaltseve,proper noun,,傑巴利采沃,"A village in Vasylkivka settlement hromada, Synelnykove Raion, Dnipropetrovsk Oblast, Ukraine.",[],傑巴利采韋,"city in Debaltseve, Horlivka, Donetsk, Ukraine",Chinese Mandarin,0.2421,0.1621,1.0000,0.2421,650383,Kaikki English / English Wiktionary,CC BY-SA 4.0 / GFDL
25639,rehabilitate,rehabilitate,verb,T,回歸,"(transitive, criminology) To restore to (a criminal etc.) the necessary training and education to allow for a successful reintegration into society; to retrain. [from 19th c.]",[],回歸,to restore into society,Chinese Mandarin,0.2421,0.1621,0.8785,0.2421,128858,Kaikki English / English Wiktionary,CC BY-SA 4.0 / GFDL
3872,boikivske,boikivske,proper noun,,博伊基夫斯凱鎮級市鎮,"A rural settlement, the administrative centre of Boikivske settlement hromada, Kalmiuske Raion, Donetsk Oblast, Ukraine, founded by separatist Evangelical Lutherans from the Swabian colony of Neuhoffnung (now the western part of Osypenko) in 1869; in the wake of the Second World War, its German population was expelled and it was repopulated by Boiky forcibly relocated from Czarna Górna (now Czarna); controlled by the Donetsk People’s Republic since August 2014.",[],博伊基夫斯凱,"rural settlement in Boikivske, Kalmiuske, Donetsk, Ukraine",Chinese Mandarin,0.2419,0.1619,1.0000,0.2419,1419297,Kaikki English / English Wiktionary,CC BY-SA 4.0 / GFDL
8763,demydivka,demydivka,proper noun,,代米迪夫卡,"A village in Hnivan urban hromada, Vinnytsia Raion, Vinnytsia Oblast, Ukraine, founded in 1554.",[],代米迪夫卡,"rural settlement in Demydivka, Dubno, Rivne, Ukraine",Chinese Mandarin,0.2419,0.1619,1.0000,0.2419,1382641,Kaikki English / English Wiktionary,CC BY-SA 4.0 / GFDL
8345,darnel,darnel,noun,U,毒麥,"Any of genus Lolium of grasses, especially as a weed in wheat fields.",[],毒麥,type of ryegrass found in wheatfields,Chinese,0.2415,0.1615,1.0000,0.2415,263953,Kaikki English / English Wiktionary,CC BY-SA 4.0 / GFDL
67603,smell,smell,verb,I or T,聞；嗅到,to notice or examine an odour with the nose,"[{""english"": ""I can smell fresh bread."", ""chinese"": ""我聞到新鮮麵包的氣味。""}]",嗅；聞；鼻,sense with nose,Chinese | Chinese Mandarin,0.2408,0.2408,0.1241,0.1841,5617,Kaikki English / English Wiktionary,CC BY-SA 4.0 / GFDL
18577,low blow,low blow,noun,C,不公平的事,(boxing) An unfair or illegal blow that lands below the opponent’s waist.,[],不公平的事,an unfair attack,Chinese,0.2407,0.1607,0.9064,0.2407,101746,Kaikki English / English Wiktionary,CC BY-SA 4.0 / GFDL
